primary_id,original_empathy,empathy_empathy,original_quality,empathy_quality,claim_alignment
61f4dab6-5fdb-4ea6-b9d0-eed211d4314b,0.7927936315536499,0.7966680526733398,0.8012486696243286,0.7904555797576904,0.57664704
ecc13ce6-eb65-4e06-8ede-c6b91dafc7a9,0.78084796667099,0.775812566280365,0.8084662556648254,0.8195874691009521,0.4534408
52c1ad2a-140a-451e-a377-88c0c49db98a,0.8092074990272522,0.807476818561554,0.8163100481033325,0.7980557680130005,0.34612277
89077237-bed8-4dac-9c35-6efcde471a37,0.7877890467643738,0.8189807534217834,0.8019914627075195,0.7927809357643127,0.34618226
33160417-3f21-4d69-a230-4d6291b8c828,0.8056138157844543,0.7979986667633057,0.8049919605255127,0.8063547611236572,0.67896414
10dc5475-d574-4f94-a8a8-dace82445794,0.7885798215866089,0.8155755400657654,0.8125407695770264,0.7967573404312134,0.65053546
9f622c09-fc36-470e-911d-766bf2e28686,0.8214308619499207,0.8085044026374817,0.8124390244483948,0.7995724678039551,0.7200798
a3c71e58-114e-4afc-8681-0a42ea66b1ef,0.7740576267242432,0.8203614950180054,0.8209783434867859,0.7958773374557495,0.36545682
dfa03908-70dd-4dac-a8fd-f0b22443d0ff,0.796593964099884,0.7952325940132141,0.805134654045105,0.7993696928024292,0.51967305
088885a8-9e8e-4d18-ae17-da74c9a58330,0.7954731583595276,0.7884756326675415,0.7968410849571228,0.8110537528991699,0.37431484
be1b2ee3-c514-435d-977c-3d5f552cc4a7,0.8077311515808105,0.8210709095001221,0.8097167611122131,0.7967395782470703,0.46535337
e7079fdf-e923-4efb-ba7d-3da19d79c739,0.7781907916069031,0.792296826839447,0.804398238658905,0.799248218536377,0.23617083
fdc6acf8-894c-45c1-b93c-18baac8c14e0,0.7895423173904419,0.7952003479003906,0.822047233581543,0.8135773539543152,0.50419927
5e25027b-43cf-468a-be3e-d3aec87fe619,0.7661481499671936,0.7979846596717834,0.8108682632446289,0.7960050106048584,0.5039227
242af31c-031f-4127-8e25-3e3fe4df4fb3,0.7916248440742493,0.819191575050354,0.7960081696510315,0.7988582253456116,0.7204248
3b146047-2d8c-4386-9b0f-a46297adb10f,0.8218938112258911,0.8179233074188232,0.8215738534927368,0.8080481290817261,0.7207946
16258ef0-288f-483e-b705-288019b0e831,0.7976298332214355,0.8175028562545776,0.8173379302024841,0.8110911846160889,0.45295823
0d0abe92-7e1b-472b-9460-4f45a1b44aad,0.811147928237915,0.8105867505073547,0.8134164810180664,0.8065613508224487,0.43001658
f91891a5-fdec-490e-af9e-318a43fb8c6b,0.8054433465003967,0.8198173642158508,0.8172082304954529,0.820495069026947,0.36740008
2ccc2de6-aa35-4adf-8198-388bee73d6c8,0.7514032125473022,0.8275690078735352,0.8130331039428711,0.7942977547645569,0.2197924
f7163e6f-8dc0-4e40-8d91-0b09f72f1487,0.7884824872016907,0.8031625151634216,0.8012045621871948,0.7949557304382324,0.5198438
7b54ac97-31e6-4cc6-9a7d-08080daa4d9b,0.764543354511261,0.7977544665336609,0.8159715533256531,0.8021007776260376,0.40298724
c452a2a5-130d-4d45-af77-0d659a12349e,0.7601946592330933,0.8013745546340942,0.8143171072006226,0.8012615442276001,0.44626516
713b6a09-4c53-448e-a11b-56bf471fc65b,0.761863648891449,0.8322212100028992,0.8213661909103394,0.7969271540641785,0.57617366
ccd16281-764a-42fb-bf5c-560b8d98e4ec,0.8103176355361938,0.8277384638786316,0.8256642818450928,0.8024846911430359,0.46604705
d74b39f0-a5b3-4469-970f-647f6b2896c6,0.775616466999054,0.7951439619064331,0.8052834272384644,0.8019230365753174,0.5859904
2c9760b8-e4f2-4161-9a50-9ed086acadbb,0.7617291212081909,0.8032376170158386,0.8254603743553162,0.815068244934082,0.60697705
b7033e53-2e4c-4ad4-9241-69cff0fd065d,0.8080240488052368,0.7962278127670288,0.8139559030532837,0.8024824857711792,0.66808975
88852f9b-39f3-419d-9013-c4780f51b1c4,0.7701163291931152,0.8086722493171692,0.8039116859436035,0.8001593351364136,0.28691652
225d86ba-24a6-4cd0-85c2-aaccd7b7f9bf,0.8185778856277466,0.8136633634567261,0.8149667978286743,0.8025292754173279,0.40750992
5a00eb99-bc1a-4a5f-a79f-b9274a27bb4d,0.7598205208778381,0.8297195434570312,0.8201764822006226,0.8075065016746521,0.22231275
b446a022-d924-41a4-addd-b9a9de2ebd5c,0.7721962332725525,0.8105522990226746,0.8085542917251587,0.8146928548812866,0.6861423
a6382551-8a7b-4349-938b-887cac0267a9,0.7883227467536926,0.8237539529800415,0.7987326979637146,0.8108079433441162,0.69499767
8f9f255b-7ecc-4b67-a21e-aff13ebf59e7,0.7648122906684875,0.8178080320358276,0.8138809204101562,0.8049933314323425,0.4796685
fbdd580d-007e-4776-9625-1735f4d12edb,0.8229582905769348,0.8271877765655518,0.8192968368530273,0.792123019695282,0.6297459
cb1e2081-8654-419b-abc5-bbe76af8189b,0.756864607334137,0.7984417676925659,0.8054467439651489,0.8095746040344238,0.35407063
414f4718-2f0b-4633-9f57-e2619dee5c8a,0.7923039197921753,0.8130915760993958,0.8084828853607178,0.8023119568824768,0.62474966
d8e37ac6-7a65-4ab1-9d57-17083eb2aaa8,0.8204336166381836,0.8072074055671692,0.8184530138969421,0.8098675608634949,0.6526721
2b915485-60a5-421c-beb2-f955c68a7eb1,0.8288726210594177,0.81507807970047,0.8372476100921631,0.8225877285003662,0.7746253
16844c2b-7df2-4eae-83bc-271aa0e8389b,0.8132961392402649,0.8235591650009155,0.8159949779510498,0.814988374710083,0.61936855
aecf8a3f-34d6-4610-b9e9-0b0ef1f8bbbf,0.7754929065704346,0.8075419664382935,0.8006612658500671,0.7890201807022095,0.39641473
93346243-aa46-48ea-bd8a-5754aa74f5d0,0.7863633632659912,0.7966062426567078,0.8153368830680847,0.7967937588691711,0.82743514
5dfc75e0-eb92-4976-8f06-4bbfea9b5e6b,0.8110420107841492,0.7791845798492432,0.8116719722747803,0.8123011589050293,0.6010685
cca1655b-3e64-41f9-84f9-c38661179cbe,0.7874639630317688,0.8139380216598511,0.8044636249542236,0.7871382236480713,0.27355418
982ba30c-bcda-4078-83ba-ede06a4e90b2,0.7967761158943176,0.798172116279602,0.8202558159828186,0.7961045503616333,0.19219398
10b1b4a2-459a-4569-8bda-abb153c8c15c,0.7830197215080261,0.8061323761940002,0.7947458624839783,0.8045040369033813,0.79606175
33ebe14c-d478-4ee4-9408-d101132dc51c,0.8000209331512451,0.7990882992744446,0.8071442246437073,0.8008724451065063,0.36167008
b6fe6bb8-e935-4c8a-85e2-31d67a4438e3,0.7852197885513306,0.8123185038566589,0.8063371181488037,0.8075364828109741,0.5564427
d076e3c8-27d7-4ac0-805a-179897bcdcb5,0.7848912477493286,0.8266074657440186,0.8101561069488525,0.8237643241882324,0.50345737
9bf751ee-6b07-4cd2-9544-cce91c26e669,0.7638081908226013,0.8117995262145996,0.8128650784492493,0.7909611463546753,0.59599197
7c766423-e7fb-4430-a0ad-d72ad9f8a125,0.7852115631103516,0.8097120523452759,0.8205971121788025,0.8037700653076172,0.7198392
1876991e-9a12-4195-8f65-80c6951dda8d,0.769296407699585,0.8179216980934143,0.8130915760993958,0.8084806799888611,0.51940924
fe153394-e966-42a8-9133-ba91cc2dd60e,0.8063490986824036,0.8109775185585022,0.8147373199462891,0.8136799335479736,0.66247684
1e05272b-39f3-4068-a5c6-e677ad2fce8a,0.8071381449699402,0.8028939962387085,0.8015899658203125,0.8073164224624634,0.43467015
644defb2-5ce1-42c3-ab59-ce3f12f63a0f,0.7898980975151062,0.7924715876579285,0.8125036954879761,0.8017826676368713,0.59471273
010980d7-26ef-443e-b2c3-3e43e716e7b9,0.800360381603241,0.8087695240974426,0.8154963254928589,0.7842642068862915,0.28540218
aebb2a01-a4be-4c78-ba38-322a8ae51e2a,0.7671424746513367,0.7920539379119873,0.8016249537467957,0.7940080761909485,0.451069
3106601b-c9ca-4ff2-9bcc-7a54597caaea,0.7972774505615234,0.8117689490318298,0.8079883456230164,0.7949515581130981,0.7695197
71c261c3-d446-4938-81ce-73087765189b,0.8282477855682373,0.7890536189079285,0.8189575672149658,0.7966216802597046,0.68206096
1fec0bdf-f25c-43b2-b44f-038fa065e8e2,0.7864534258842468,0.7901865243911743,0.8136245608329773,0.8056386709213257,0.47448277
137fbe43-11f7-483c-9820-167ee586cfca,0.7934756875038147,0.7861418724060059,0.8041868805885315,0.8142825365066528,0.37423438
3deff7b5-e20e-4c13-94d0-88cd1ac2b169,0.7858376502990723,0.8161555528640747,0.8137524724006653,0.8152363300323486,0.59998035
c130e2ed-5240-4da3-adae-a7d2dfb52c6a,0.8012421727180481,0.7929942011833191,0.8211785554885864,0.8143512606620789,0.63459265
85cf7a9d-9cac-4da0-98bd-4d77eaa574b4,0.8192284107208252,0.8114697337150574,0.8170075416564941,0.7815769910812378,0.6222199
a6de08ab-7556-4eb0-84c7-dc5cd7c9e1f6,0.7795128226280212,0.8163434267044067,0.8061283230781555,0.8083153367042542,0.6568433
e417a876-61a7-4aba-9a41-8da9bb2d4c48,0.809673011302948,0.7799427509307861,0.8218498229980469,0.8090678453445435,0.64567053
df9cc692-5158-47db-a0be-7b210f52ec91,0.7895225882530212,0.7921018004417419,0.8121157884597778,0.8079360723495483,0.47012186
2d6fb42b-1793-44d9-9794-e18576a53922,0.7765569686889648,0.8110237717628479,0.8183724284172058,0.7990990281105042,0.4797319
adafa4c8-51d6-4b83-81a3-7ebf3435c3b5,0.778385579586029,0.8226945996284485,0.8149970769882202,0.8158445358276367,0.37928623
77252279-d3f2-461a-ada9-ca5050b155aa,0.7788048386573792,0.8268603682518005,0.8062782883644104,0.7957668304443359,0.6445513
1488f5a9-f72e-4c6e-97f5-ee2beea007d8,0.770805299282074,0.7975327968597412,0.8006235957145691,0.8134679794311523,0.49209017
06abbfd9-1c54-4564-910e-1c34ceeb0b6d,0.7852590680122375,0.8178866505622864,0.8214659690856934,0.8054143190383911,0.3814293
bca42f84-0498-41fd-bda3-859442135185,0.8156815767288208,0.8221782445907593,0.8194215893745422,0.7966533303260803,0.51933205
edca0580-5a4e-47d6-a226-0a88d6561bf3,0.7781410217285156,0.8133334517478943,0.8112114667892456,0.8102197647094727,0.39923662
e310702a-2e23-4ed9-829f-1bb1cee1a0a0,0.7815024852752686,0.8182364106178284,0.8094013929367065,0.8096357583999634,0.7434859
f79d4e72-6345-4bd3-8efa-94c8120da98d,0.7842558026313782,0.8097193241119385,0.8033203482627869,0.7970020771026611,0.75035274
fa1c8352-8610-4424-8deb-c0fd45eb1667,0.753690242767334,0.8081167936325073,0.7992900609970093,0.8181365728378296,0.5360904
a72b8dc0-5570-4ba3-88f8-ee019ff7dc75,0.7870029211044312,0.8102571964263916,0.8106986880302429,0.8024986386299133,0.5015886
267fce12-1cf1-4ebb-a277-2f4a32b43f70,0.7883391976356506,0.8147152066230774,0.8087443113327026,0.7974588871002197,0.4676517
b6f7c014-d876-4562-987b-f43f2a237631,0.799044668674469,0.8000122904777527,0.8132026791572571,0.803796648979187,0.7212862
23764f95-2332-4f0a-869e-b1ca48955e97,0.8164172172546387,0.8323490023612976,0.8080514669418335,0.7957433462142944,0.59566337
25e608eb-916e-43f3-8dac-9935982276be,0.7737054228782654,0.7924202084541321,0.8141055703163147,0.8167886734008789,0.58983177
dc4506d8-b019-4e39-8ecb-f43f35d3297e,0.8150149583816528,0.7864909768104553,0.8176226615905762,0.8298227787017822,0.74596906
c503a992-50c1-428e-b90a-4e63ffc4f9e6,0.7741278409957886,0.782856285572052,0.8088179230690002,0.8185467720031738,0.54346275
642123f7-0ce1-44db-8206-771e2f683173,0.7604126334190369,0.7904453277587891,0.8052423000335693,0.8227408528327942,0.59360987
68f3f023-8887-4fa7-9e6f-afa1dcb4f291,0.7737412452697754,0.8055419921875,0.8157774209976196,0.8194620013237,0.5129585
ebfa4614-91c3-4eb2-b394-5e7ecdacd8a2,0.8117862343788147,0.8077980279922485,0.8130695223808289,0.803978443145752,0.5328965
25cf5e72-0605-4f47-b593-afc85cd5eeb6,0.8280501365661621,0.8086044192314148,0.8124823570251465,0.8109419345855713,0.65685594
8bcbf0af-ea05-48e2-a1de-fded0dede63e,0.7929361462593079,0.8208898901939392,0.809807300567627,0.8118367791175842,0.6037392
25901fe2-e59b-4498-8694-393e09b00ec2,0.7873366475105286,0.8070560097694397,0.8207743167877197,0.7849963307380676,0.54321307
7a9313b1-a2f8-4a81-826e-75b0a5f3306c,0.8080195784568787,0.7894541621208191,0.8381800651550293,0.8104784488677979,0.55893266
fd1d726c-95e0-4bff-994d-2f80b6177508,0.775659441947937,0.7979878783226013,0.8085500597953796,0.7985367774963379,0.40711844
53808e56-ba8e-495b-959b-45d22ba7da67,0.7950562834739685,0.805554211139679,0.8094934225082397,0.8002930283546448,0.526476
648b7f6c-02a1-44a7-975a-e435216b4903,0.7962517142295837,0.8166705965995789,0.794707715511322,0.805914044380188,0.74164414
c79cd562-a650-4b56-bc71-c4feadece563,0.7716554403305054,0.8167750239372253,0.8165884613990784,0.7959951162338257,0.71870625
3f102691-5a5d-4e23-9056-76496e33a0d2,0.7657138109207153,0.787891149520874,0.8018813729286194,0.8104607462882996,0.6992153
b6e72edf-ec48-49c2-801e-9ac7bef8a53f,0.8185244202613831,0.7889587879180908,0.8273462653160095,0.7981046438217163,0.782757
8719f088-c0aa-4f85-8096-ec022bc06aac,0.7814563512802124,0.7900717854499817,0.8158682584762573,0.8306429386138916,0.47759885
be5225df-3fb6-4239-9ea3-151ed686a9c3,0.7772720456123352,0.8345375657081604,0.8054652810096741,0.8185796141624451,0.43941104
7acdbf35-4158-4290-912d-5705b62079ed,0.8147030472755432,0.8041375279426575,0.7998636960983276,0.8072519898414612,0.8105017
ab2b5724-9a87-4265-904b-9280fdd48bf1,0.8321769833564758,0.8016279935836792,0.825599193572998,0.8093973994255066,0.60633355
d7dda1b6-2eff-4a0d-848e-3436ed5ff18d,0.7974461913108826,0.8086061477661133,0.8018619418144226,0.8079909086227417,0.40559268
2a5e1157-c34e-44d1-943b-cf9d611e56ab,0.7609630227088928,0.8118239045143127,0.8117057681083679,0.8207634091377258,0.7552176
ac52463f-9ac0-4ed0-94cc-9f20e3c4e6d3,0.7795034646987915,0.7965477108955383,0.8129006624221802,0.8153530955314636,0.36795408
0956f503-7b97-4add-b821-7985f207b89a,0.7983449101448059,0.8335314989089966,0.8090746402740479,0.8119090795516968,0.7196599
ec8281aa-bcba-4be0-9f25-073c11aa8a3c,0.7894747257232666,0.7941327691078186,0.8095192313194275,0.8124673366546631,0.5923002
34ddd27e-217e-49bc-bd23-920d90f0c1e3,0.817370593547821,0.8006163239479065,0.8010907173156738,0.8024851679801941,0.6320325
5e4c95f2-a916-4a93-9ea4-90ee419cbc43,0.7738369107246399,0.7794323563575745,0.8105191588401794,0.7947724461555481,0.4014726
e7a1f5c4-ea85-4c75-b6df-6851baf48ec0,0.7524200081825256,0.7950380444526672,0.8168408870697021,0.8141587376594543,0.46879646
23a82fb5-1377-48f3-a675-00ae1fe45049,0.8033701777458191,0.8082340955734253,0.8329907655715942,0.7930716276168823,0.3494746
0c27f24d-5e1d-4f51-ae7f-8643d7e3e13b,0.7733164429664612,0.8073151707649231,0.8041992783546448,0.8019309043884277,0.13334206
5987ff78-0dea-46bf-9173-32b5eddb4780,0.7728996276855469,0.8049272298812866,0.8009670972824097,0.7970311045646667,0.49271515
f732d2cb-35ef-46c1-986a-8ad2017e9a5f,0.8073972463607788,0.8218091726303101,0.8167024850845337,0.7960990071296692,0.3041355
548f3668-6ed4-4748-a466-fd0a327401ef,0.7548217177391052,0.8019375205039978,0.7932456135749817,0.7976987361907959,0.4511838
41c56d27-6c42-45e7-b9d4-ba7ae498ece9,0.8272290229797363,0.8190867900848389,0.8119981288909912,0.8072801232337952,0.39798912
a77a802d-bf2f-422f-a97d-3762a27e8cf8,0.7932408452033997,0.7967023253440857,0.8026204109191895,0.7970792651176453,0.26682436
658a3a38-ca1d-46d5-a446-048dbb25ef65,0.7939271330833435,0.8113422989845276,0.8159114122390747,0.8198562264442444,0.59083366
3eedfef9-9a52-42ed-ac4c-13781fb00354,0.7802448272705078,0.8218904137611389,0.8036056160926819,0.8315681219100952,0.6099162
56571dc8-004c-4a30-90fa-da6206e17d60,0.8286716341972351,0.8124502301216125,0.8234314918518066,0.8197548389434814,0.639148
bd6f6711-ba1d-454f-aa41-cea802316072,0.8115198016166687,0.783282995223999,0.8112918138504028,0.8062505722045898,0.6017467
73ea6a98-92c1-4e6b-8b7d-019e97008497,0.8145520687103271,0.8058923482894897,0.8107361197471619,0.8093730807304382,0.6653992
b1407c93-fcde-4dad-a393-724f0f0a05b1,0.7844606041908264,0.7885661721229553,0.812573254108429,0.8190668225288391,0.48411277
8dfcc62b-2362-49da-96a3-8845b6dd343c,0.7873720526695251,0.8091850280761719,0.7934770584106445,0.8040463924407959,0.44668478
0ab27f46-ce26-45d4-894e-047cb180c6f8,0.7970218658447266,0.8041573166847229,0.8048343658447266,0.8001293540000916,0.6065126
3aad563a-8f5d-4378-8fbb-4f4ef78d6261,0.7860554456710815,0.7947046160697937,0.8132271766662598,0.815223217010498,0.6871176
a4abc0a9-40e8-458b-8d18-237b0ddbf570,0.7904168367385864,0.8033345341682434,0.8092790842056274,0.8002727627754211,0.7894101
873ca669-148b-43cd-98f8-2173bba6c0fb,0.7858578562736511,0.821351170539856,0.8091970682144165,0.7941893339157104,0.6923113
1ba35851-3280-4264-987d-e4a2dc4a6fc8,0.7713198065757751,0.7787389159202576,0.7993044853210449,0.798153281211853,0.6837616
1bc10bde-e15c-4a90-9782-ee410a34c4e8,0.7760418057441711,0.8014865517616272,0.8041159510612488,0.8206325173377991,0.49808046
a9072910-aef0-4a5d-838b-ed380035f1e5,0.76764315366745,0.7878295183181763,0.8067022562026978,0.8090318441390991,0.17812315
d032a599-ead5-410c-adc3-ddc21de042da,0.7937352061271667,0.8036344051361084,0.8189183473587036,0.8306462168693542,0.6472627
d32fe6b6-dfea-473d-9cb3-91f5db73525f,0.787520170211792,0.8038541078567505,0.8167537450790405,0.8160711526870728,0.4811613
c285bf70-5a8b-4cc6-8ab2-abc5f198bc76,0.8110443949699402,0.8146554827690125,0.8059674501419067,0.803520679473877,0.47140762
a393fa60-8e5b-48da-956d-12015eed6597,0.7610673904418945,0.7939045429229736,0.8108630776405334,0.7985551357269287,0.78589684
5a57f937-c804-4c4e-809c-25d234593794,0.8049821853637695,0.804725170135498,0.801446795463562,0.788583517074585,0.5776547
5cd6e3de-c9a8-4e9c-811a-3bd8056b6e7f,0.7784895300865173,0.8109634518623352,0.821530818939209,0.7971212267875671,0.2032035
cc5efc7c-d724-4024-b3cd-1b6a44ad3d34,0.7771470546722412,0.7879461646080017,0.8150434494018555,0.8064639568328857,0.49093747
4ee553fe-8631-4dd1-a917-e3d7c0c0d92a,0.758517324924469,0.7863873839378357,0.8065913319587708,0.8081742525100708,0.66724944
009b5a86-c163-42cc-aa1b-4d96d07cbb00,0.7509725093841553,0.7800383567810059,0.8215817213058472,0.805813729763031,0.6107359
64f59025-345a-4bdd-8bcd-e078eaa88bd1,0.7644137144088745,0.7963197231292725,0.8010832667350769,0.7974361181259155,0.3975771
d64ae7c3-5c0e-4732-8502-483cd1a66f73,0.8005185127258301,0.8043022751808167,0.8065633177757263,0.8004162907600403,0.5010713
b066cb53-a2d0-47a7-a3f3-6636e75afe7c,0.7555387616157532,0.8045285940170288,0.8152618408203125,0.7950344681739807,0.47222278
fa2aea6f-2183-486d-bc00-2d38632feef4,0.7573475241661072,0.7870513796806335,0.8136494159698486,0.8145008683204651,0.3802513
9c0c2683-ed4d-499a-97eb-4ec7ae1b4bbf,0.7810112833976746,0.7895883321762085,0.8062971830368042,0.815025806427002,0.47530323
cc6ffed1-f4cc-44ac-a19f-6d02d2ae2ed7,0.7783792018890381,0.8074706196784973,0.8035773634910583,0.8073285222053528,0.31648993
ef507b58-c820-478c-838c-1d6ef6b06c95,0.7747038006782532,0.8165985345840454,0.8076090812683105,0.7856939435005188,0.758834
bea187a6-bdf7-40ef-8e6c-420ca80aef84,0.7727753520011902,0.7802023887634277,0.8018575310707092,0.8094923496246338,0.49097562
705c4cde-50a5-43c2-bf9c-8ade0beab616,0.7840802073478699,0.7965625524520874,0.8058949112892151,0.8078984618186951,0.5539377
8732d2f9-1fa2-4af4-88be-e2e4ff794d2b,0.7724608778953552,0.8057906627655029,0.8105343580245972,0.8048954606056213,0.6667836
b6c93725-0a5f-4ba9-bcc0-cbc82b91df5e,0.8324258923530579,0.8069083094596863,0.8227921724319458,0.7947014570236206,0.64456785
d42d6f24-c98a-4540-b8f7-608881c0c4f1,0.765112042427063,0.7968123555183411,0.8167694807052612,0.7974774241447449,0.60768485
b2050131-2e8a-4a13-9158-1b950a4ea063,0.794323742389679,0.8140619397163391,0.8136869668960571,0.8186389803886414,0.2929119
fbf21e68-f807-4bd0-984b-3b0aa7524e77,0.7797759175300598,0.7826722264289856,0.8046422004699707,0.8098632097244263,0.3707195
57fe5fab-19bd-4e1b-b51a-e814b0efae4f,0.7995831966400146,0.8066321015357971,0.8032635450363159,0.7851511836051941,0.48590684
347b92a9-3b0a-483e-8b8a-de97eb49d86c,0.7766995429992676,0.7927232384681702,0.799956202507019,0.7964812517166138,0.7294338
c30e42ab-75c6-4f42-87fd-1d532ce159be,0.7894765734672546,0.7914817929267883,0.8046493530273438,0.8028082847595215,0.25124627
af2fba7c-90f5-4076-9a93-d62f9cd577bf,0.7804911136627197,0.8109014630317688,0.8206468224525452,0.792296826839447,0.6724827
87f44bfd-895c-46ad-9733-398510b27bd9,0.7732161283493042,0.8276543617248535,0.8056106567382812,0.809400200843811,0.6624765
7c54b27f-b907-4ca7-a59f-17dcc5bb1bc9,0.7650812864303589,0.8222609162330627,0.8063651323318481,0.8124116659164429,0.6121763
8c0d9344-32a7-4a11-a60d-836731ceeb6b,0.7670559287071228,0.8025769591331482,0.8170322775840759,0.8019609451293945,0.65879816
b440327c-bdb3-4a52-a6ed-a10e0bbf37c5,0.7766856551170349,0.8178098201751709,0.8107261657714844,0.7921555042266846,0.42228448
1130fa26-e760-4776-b113-3158c91590ca,0.7828099727630615,0.81187504529953,0.8077963590621948,0.7861469984054565,0.40614328
403fb2c1-2a81-42ee-b52a-787ad7706cf2,0.8020326495170593,0.7936902642250061,0.8004469871520996,0.8098483085632324,0.46042728
e953bff2-fe90-447a-9db0-a3a0802bee53,0.7781999111175537,0.8101878762245178,0.8007146716117859,0.8042856454849243,0.56212306
e557a83a-06f7-4149-ada0-769f334f9d8d,0.7778159379959106,0.7971159219741821,0.8062478303909302,0.8057505488395691,0.6896844
c77ffabe-7a5e-4ef6-9128-add285e72e39,0.8070215582847595,0.8002449870109558,0.8090915083885193,0.8119961023330688,0.8368013
9ccd68cb-bf9e-44a7-8159-5fa05ea2989e,0.8002647757530212,0.7985308766365051,0.7982456088066101,0.7958073019981384,0.7022332
d09ff296-fd81-45a4-be94-e8ea24d99c1d,0.773223876953125,0.8054772019386292,0.8057611584663391,0.7988662123680115,0.56756765
d3bbb14f-9280-4184-900f-e0693e82c212,0.7798731327056885,0.818260908126831,0.8053756952285767,0.7946276068687439,0.6071296
5b6ec9d7-3973-4071-83cf-847353ec11e3,0.8126092553138733,0.8345237970352173,0.8128106594085693,0.8104945421218872,0.5971317
3848a2b6-b005-4970-b3dd-47aefdb036b0,0.7980907559394836,0.8322431445121765,0.7983043789863586,0.7857849597930908,0.39696127
a12cce6d-f7c2-429d-80aa-fca9602d23d4,0.7677175402641296,0.7782376408576965,0.8100213408470154,0.8149757981300354,0.3723379
098bfcc9-91d2-49ab-b2a2-48b5cecb434c,0.7890318036079407,0.7892996668815613,0.802807629108429,0.8128382563591003,0.6152972
edfe3e5d-df36-4a26-a567-cf77d87b0f88,0.8004494309425354,0.8006359338760376,0.822009265422821,0.7927682399749756,0.63227457
c955f300-d135-4576-aec3-a834cbf9ab08,0.798056423664093,0.8178778886795044,0.7992503046989441,0.7981142997741699,0.38783386
4ed11491-3b6a-420f-bef1-05976bd3aa90,0.7861251831054688,0.7928339242935181,0.8108278512954712,0.7972498536109924,0.47961766
2eca86cb-21f9-4d04-a41f-b5e4162378fe,0.7875521183013916,0.804194450378418,0.8084194660186768,0.7981202602386475,0.7079972
fc8c5b8a-7f1b-4783-b063-201898e77cfa,0.774162769317627,0.8086220622062683,0.8053244352340698,0.7960306406021118,0.6293928
0cf7ca8a-dced-4459-bf78-9851da0e09cc,0.8089788556098938,0.7925561666488647,0.8225553631782532,0.8063890933990479,0.44848853
01799a7f-5a4c-4e68-904c-a8b15624a7b5,0.7863303422927856,0.7930454015731812,0.8155589699745178,0.8181132078170776,0.37018174
a05aea8f-4a86-4b00-9fad-3fd038289b6a,0.7688855528831482,0.7992933392524719,0.8183169960975647,0.7987776398658752,0.5704425
6f1eb42f-0f77-4ce7-b3b2-1d47195fef76,0.7690075039863586,0.7937629222869873,0.8023395538330078,0.8029205203056335,0.5297605
987025bb-2b84-41ba-a608-3dd3cf8fdb3d,0.8110030293464661,0.8028807044029236,0.8111082315444946,0.7880162000656128,0.709902
e0032276-1d7b-4b5f-b607-416c24b3fca9,0.7989314794540405,0.8124924898147583,0.8012374639511108,0.7971159219741821,0.50980157
dafadc76-42f2-46b8-9e62-d837d5be1e9a,0.7810071110725403,0.7906001210212708,0.8069915175437927,0.8058264255523682,0.6081147
f1c70cf3-e6c3-410b-ad47-315ed00ec119,0.7688794732093811,0.79339998960495,0.793885350227356,0.7994199395179749,0.41399574
efa7cfed-9a2f-4544-be43-51b1e19e23cf,0.8082166314125061,0.8175511956214905,0.8267029523849487,0.8124302625656128,0.646245
f18baca0-c278-4cd1-8849-2c18cef3b41e,0.7691807150840759,0.8093512058258057,0.8212317228317261,0.8084245920181274,0.63063693
4d788dba-3ea4-476c-ab9e-deb5e8e28758,0.7956451177597046,0.8091550469398499,0.814797043800354,0.8069249987602234,0.57670367
c097a237-2414-4517-8ac2-55e3e8745474,0.806232213973999,0.7833126783370972,0.8068675398826599,0.827070951461792,0.34684473
33d4746c-dcc5-4c37-b16a-a6a093a54817,0.7733274102210999,0.8243828415870667,0.8142505884170532,0.798883318901062,0.33853447
bc788cf8-09b4-42ec-91fa-b377e13464b9,0.8214071393013,0.8028118014335632,0.8012685179710388,0.7868624925613403,0.5155536
87d82c4a-aedf-4800-b447-756ebfb09637,0.7783665657043457,0.8162230849266052,0.8074814677238464,0.8071006536483765,0.56793094
e368b931-4601-449c-a96f-0c3b62ed4546,0.773529589176178,0.7926376461982727,0.7961781620979309,0.8057436943054199,0.36757842
1d836bab-5213-43d6-a71d-373d73014d9d,0.823858916759491,0.8281509280204773,0.8149603009223938,0.8135334253311157,0.635603
a56de451-e591-4f6f-82fc-99034c931a60,0.7808616757392883,0.7960643172264099,0.8096195459365845,0.8028889894485474,0.40492117
32fc6e0b-952b-44d4-9f74-a815edc7cfd8,0.799662172794342,0.8049604296684265,0.814079225063324,0.8110071420669556,0.3593123
7d5cebc7-7462-44c6-9bf3-599fd0725115,0.7675361633300781,0.8085945248603821,0.8086118698120117,0.798814058303833,0.39568254
709ded89-8cf8-4fd7-8eba-4149d33a493a,0.7948566675186157,0.798961877822876,0.8093121647834778,0.8032704591751099,0.10498641
f80eb131-c3fc-43ab-8608-a9d201ba6a57,0.7642097473144531,0.7974903583526611,0.8188976049423218,0.8004391193389893,0.6967975
4cac0f3e-5b0c-4f58-b465-138bb9e60fcf,0.7916470766067505,0.8061376810073853,0.8040420413017273,0.791969358921051,0.44180313
808945c0-0db4-40c5-86be-a007de739363,0.7752103209495544,0.8140533566474915,0.8047417402267456,0.7925962805747986,0.6056509
cc5ee9c1-a3c1-4b9e-98a5-cbb6a22b7207,0.7940174341201782,0.8226115107536316,0.8052959442138672,0.8157926797866821,0.6459316
c6616d96-c2d5-4ab7-a18b-b054f6d38c60,0.7556577324867249,0.8085559010505676,0.803406298160553,0.8085180521011353,0.2054904
cfa0f1f2-5197-4990-9721-abab6f92c501,0.7572866082191467,0.8278813362121582,0.8114891052246094,0.800379753112793,0.2189124
f455cda6-a1d9-45d9-86b4-6bf0c208a757,0.8221606612205505,0.8032832741737366,0.8362284898757935,0.8017919063568115,0.6215687
3b324561-de44-41e6-8a2b-790adafd5bd9,0.779836893081665,0.7911588549613953,0.7927789688110352,0.8137854933738708,0.3332892
f342568e-41dc-47d7-8642-5c984bb96f36,0.7952321767807007,0.8153240084648132,0.81620854139328,0.7909954190254211,0.28784722
8062b73d-8231-489f-8b00-d86f7b16533b,0.8248646259307861,0.8092507123947144,0.8134602308273315,0.7981752157211304,0.5005808
a4152958-4444-4c3c-a940-35a07fc74d9a,0.7604803442955017,0.8201577663421631,0.8076533079147339,0.7991652488708496,0.49591297
9c3103d2-81ff-4ecd-8f8a-d435cc01a557,0.8184137940406799,0.8090558648109436,0.8052504062652588,0.7983920574188232,0.5000708
1a816983-603c-4051-b6e8-3674826a960b,0.8266209363937378,0.7999503016471863,0.8314648866653442,0.804672122001648,0.73005116
f355d36c-f9e8-44be-838a-2ecbb4b9234b,0.7623459100723267,0.7900496125221252,0.7951128482818604,0.8031967878341675,0.4787499
3208cc04-f8d7-44fa-b489-f6d57ca2dbdb,0.7798531651496887,0.8103740811347961,0.813462495803833,0.82029789686203,0.32641143
0161e4d6-237e-4ba3-aec5-68c47c42de74,0.7749294638633728,0.7950438857078552,0.7952018976211548,0.8067581057548523,0.43010646
f9a08c36-60ed-445f-b020-9ccd29ff8214,0.8136427402496338,0.8085129857063293,0.8037710785865784,0.794071614742279,0.71935093
d83daee8-f903-49cc-ba9b-bceeb30d4862,0.829250156879425,0.8135082125663757,0.8216100931167603,0.8113916516304016,0.6698533
a427713e-d487-43b9-9db2-5cd421be4e75,0.7863062620162964,0.7762874960899353,0.8066273927688599,0.8055985569953918,0.6436055
1739518e-1b90-466f-9d3c-42bd12025189,0.8136338591575623,0.8128043413162231,0.814754843711853,0.8229848146438599,0.7772136
b2a240a1-8317-4721-ac07-85789c140d64,0.823509693145752,0.8112803101539612,0.8078570365905762,0.8024152517318726,0.4147458
1861a160-c85a-4a36-b85b-4a8a3ddb1367,0.7691494226455688,0.8195534348487854,0.7985171675682068,0.7989895939826965,0.5576717
0cae3108-83a6-464e-bb58-80f49d67623f,0.7782595157623291,0.7831196188926697,0.8115621209144592,0.8062036633491516,0.8510639
f2d50537-0106-42c1-a475-420afdde2c92,0.8053014278411865,0.7848476767539978,0.8122575283050537,0.7879767417907715,0.7560146
237d87dd-cd83-44ba-989d-b069df50664a,0.788107693195343,0.7966388463973999,0.794002115726471,0.8121429681777954,0.6896041
145baf50-15f5-432b-aec3-ed2c0d866e9f,0.7987136244773865,0.7844250202178955,0.7988728284835815,0.8121641874313354,0.57080483
8dbf8750-897e-489b-bf40-0a3eb93e2a8e,0.7857519388198853,0.783146321773529,0.8165355920791626,0.8171648979187012,0.6362469
21021580-9f91-4e29-bf6c-33795766b6fc,0.7705903053283691,0.79936283826828,0.8128019571304321,0.8024131655693054,0.13142774
b010e030-4a6a-4cb5-b3bf-14a9c63f7add,0.8107132315635681,0.8117968440055847,0.8005517721176147,0.7987848520278931,0.7481401
b7fbdcc4-cf0d-4945-9299-89db4f77f07f,0.7711787819862366,0.8085237741470337,0.829599916934967,0.7968301773071289,0.6774247
f9e3bbc2-463a-4813-874a-1f67af9dc32c,0.7631157636642456,0.8090720772743225,0.798147976398468,0.7981847524642944,0.5233565
d3317b17-1377-46e1-aac9-47b239e9ce90,0.7998055815696716,0.787872850894928,0.7994258999824524,0.8035821914672852,0.39658356
668e63c7-59df-41cc-b923-2723b14b8cca,0.7951462864875793,0.8190303444862366,0.8058536052703857,0.8079808950424194,0.48141897
7fdb0577-5e7e-4f8f-92a4-de90db7d04ed,0.80368572473526,0.8074249029159546,0.8143550753593445,0.7914354801177979,0.5424968
0bd8eaa1-a3e9-4e07-b821-35d988b928a0,0.8126702308654785,0.8037866950035095,0.8298444747924805,0.7911813259124756,0.6511392
771f67c9-9d7e-4869-8ba1-7c9b4bce09d9,0.7987931370735168,0.7891794443130493,0.8075928092002869,0.8129364252090454,0.38230813
e2cb7b66-894f-4270-ae43-65a7d4cc34e5,0.7777709364891052,0.8045892119407654,0.8089352250099182,0.823149561882019,0.551156
76829f77-680f-40f2-bdeb-7b01891b2bef,0.80641108751297,0.8257028460502625,0.8190722465515137,0.8017888069152832,0.57192063
449070eb-f0f6-49f2-a3ff-4193f4d7d1c8,0.8236023783683777,0.8259849548339844,0.822522759437561,0.8192155361175537,0.6131557
d69f899c-a3dc-4e6a-bd43-65470cc00c7d,0.7692351937294006,0.8151730298995972,0.8120696544647217,0.8300567865371704,0.3648088
fe0a3771-71af-4689-b3a6-ed2f00e36eb1,0.8119152188301086,0.7931416630744934,0.8232681751251221,0.8073919415473938,0.6933509
ad235113-09dc-48be-892d-0719c9d67844,0.7692587971687317,0.8031184673309326,0.814767062664032,0.803249180316925,0.4919364
ffcbdcd4-17e6-4014-9cb7-03f88b5960a5,0.750328540802002,0.7836248874664307,0.8039771318435669,0.8098610639572144,0.722302
ee982244-15eb-46f0-8bfc-5288c032987f,0.8029540777206421,0.8181598782539368,0.8291451930999756,0.7944798469543457,0.48687845
718ae59b-2c17-4fdd-9a48-28f778a7a404,0.7567518353462219,0.8204013705253601,0.8273425102233887,0.8145442605018616,0.33483702
d6a76f76-b4d8-4a1a-b53b-e01010cad20d,0.7595958113670349,0.8157429695129395,0.795596718788147,0.8000041246414185,0.22711591
e0f42e32-3224-4d6f-bbbd-2ff0cde99978,0.7648584246635437,0.8058901429176331,0.8028189539909363,0.8087337613105774,0.24835168
eb01118d-38f7-4dec-b772-9135642087c4,0.7720472812652588,0.8085643649101257,0.8137202262878418,0.7968188524246216,0.7304967
ccbf5716-36f4-4487-a2a1-3c2255585628,0.817207932472229,0.8301718235015869,0.8043447136878967,0.8043800592422485,0.6413864
0ccb11c3-e02b-4762-9002-d8da4983a18b,0.7972217798233032,0.8079163432121277,0.7982398271560669,0.7900956273078918,0.436017
a7b5bb34-5158-484f-8014-9d92faa314d0,0.7961221933364868,0.8060255646705627,0.8170574903488159,0.7960254549980164,0.5381584
1f7cacaa-8a1e-4ef1-b0ed-384187ac20cc,0.801096498966217,0.7964190244674683,0.804785430431366,0.8186230063438416,0.44257194
b9c32078-c7c7-4998-abed-d2a1857b9574,0.7799025177955627,0.7936320304870605,0.8139439225196838,0.8055105209350586,0.6026526
baf757d0-bdcd-44db-b1d5-1e80a8f1ba57,0.7601811289787292,0.7767753005027771,0.8128334283828735,0.8084433078765869,0.45897928
7e323a72-87ed-465e-bb46-3a897c39f03a,0.8015363216400146,0.8047058582305908,0.7990068197250366,0.8050441741943359,0.5864902
7c09f132-ae39-47b4-b9c3-ac7b382a8b29,0.7950059175491333,0.7984055876731873,0.8197896480560303,0.8087289333343506,0.70942986
c6103007-01b9-4197-90c9-3e4c138d7f53,0.7553307414054871,0.8049179911613464,0.8156344890594482,0.8055377006530762,0.31666875
1b378367-01f2-412b-8ebd-d55bd80825a4,0.7680943608283997,0.7944746017456055,0.7982757091522217,0.8001094460487366,0.4168399
e28c948e-2f1d-44ca-b864-4f2c61d78ba6,0.7836962342262268,0.7780214548110962,0.8171943426132202,0.8133325576782227,0.3960945
a9b2547d-a7ff-477c-858c-bb38d2d298f7,0.7925950884819031,0.7952958345413208,0.8145599961280823,0.8023772239685059,0.7964857
7eb7fc19-e1a8-40ff-80b6-da5e7f4b16aa,0.8194013237953186,0.8177440166473389,0.834450364112854,0.8190891146659851,0.3353458
35777157-abc0-47e6-81b6-061b46eb5e63,0.7640726566314697,0.7900373339653015,0.823797345161438,0.8180007934570312,0.5004273
a446c1ad-d1fa-462d-9641-64696c6d9b46,0.7822801470756531,0.8081617951393127,0.816399097442627,0.7953377366065979,0.31132674
54b9eafa-a3f3-4c41-98b3-c24f1e7f30a4,0.7929697632789612,0.8133520483970642,0.7971572875976562,0.8009137511253357,0.5157372
cb44137f-2680-49dd-a0fc-8a7c6780dfa8,0.7868911027908325,0.7801212668418884,0.7993985414505005,0.8082423806190491,0.29583248
c24a47d6-ab83-4a95-b79c-29a36fd1abef,0.7763091921806335,0.8208388686180115,0.804118275642395,0.8042663931846619,0.5956797
79a5916f-34f5-4561-8c9d-0def8bc9db5d,0.7830183506011963,0.8057114481925964,0.8089997172355652,0.8018483519554138,0.5526962
8ad4ac44-0047-46d0-b502-daaaa9a95a57,0.8154751062393188,0.8014764189720154,0.8208528757095337,0.8061710596084595,0.7321578
861bf8b3-e9b6-4fa2-9fab-5084727fb86d,0.7751873731613159,0.8194445967674255,0.809342622756958,0.8139173984527588,0.4410008
76c7f1f4-6949-4741-8bca-864fb9417ac1,0.8160403370857239,0.8133150339126587,0.8199875354766846,0.7961755990982056,0.5916044
b7d8f159-b944-4bab-96e0-d5188f1bf0e1,0.8085873126983643,0.7849798202514648,0.811049222946167,0.8181616067886353,0.6445721
cdae146c-5ab2-4733-b579-9f658ee27b02,0.7660397887229919,0.8119885325431824,0.8112384080886841,0.8027383089065552,0.8270987
7eb5840e-fd61-4318-acd7-72f6d00c2252,0.7831447720527649,0.7937179207801819,0.8154697418212891,0.8006032109260559,0.22453266
68da2753-10ec-4a0f-a144-92278136f56b,0.8169093728065491,0.7804421186447144,0.83612060546875,0.7967807054519653,0.59442866
2abd3647-9e56-429b-9015-be486cf8b2f1,0.7679952383041382,0.8105262517929077,0.8089192509651184,0.7909914255142212,0.21271536
e6381a1a-30b8-4471-ab6b-8e5ac792c94f,0.8085463047027588,0.8049063086509705,0.8126270771026611,0.8072483539581299,0.60973006
d718ee62-67f5-4d7f-b245-3d91a2f04151,0.8151440024375916,0.7902665138244629,0.8108873963356018,0.8009730577468872,0.44145933
2ea95a2d-2c76-4260-be1d-0b8e1392436f,0.8191700577735901,0.8294795751571655,0.8022241592407227,0.8013929128646851,0.47637114
195559be-2755-4493-b411-ea8dced92dfe,0.8028885126113892,0.7936655879020691,0.8052523136138916,0.8036803007125854,0.35162944
e90b9da9-e4bf-49b0-8ee7-536fd8c9070e,0.7791126370429993,0.8294530510902405,0.8031468987464905,0.823469340801239,0.35118306
e000a2fe-39bd-4a10-bcf2-a1d7c1d5c146,0.7682554125785828,0.7866193652153015,0.8053304553031921,0.8032692074775696,0.7363504
1cb3c086-0781-4807-b9db-24be8de394b5,0.7736595273017883,0.7911155223846436,0.8126170635223389,0.7994109392166138,0.7850356
2c800351-e6fe-455c-aea6-c15ae3dbf0a8,0.7921688556671143,0.7900457978248596,0.8057247996330261,0.8016915321350098,0.46422684
b12a05e1-0cff-4e96-a887-ac8a12a47584,0.7637927532196045,0.8038225173950195,0.8287262916564941,0.8266018033027649,0.6569917
563d57d6-6e01-44eb-8c5c-955dab9db189,0.7840631604194641,0.8215140700340271,0.8140575885772705,0.8026596903800964,0.59977174
af63614f-7411-424d-aa38-123971d21a6f,0.7989621758460999,0.8014370203018188,0.8215689063072205,0.8032320737838745,0.51310563
e6ace648-ec0b-470a-bff6-02118c24de72,0.787562370300293,0.8230424523353577,0.8081912994384766,0.8069843649864197,0.41127747
ec88ba64-e150-4ade-b33d-6f6174cc069f,0.7679588794708252,0.8196045756340027,0.8124030828475952,0.8045753240585327,0.35510623
bac21499-e7cb-4042-8f74-03acf004a94b,0.8115412592887878,0.8331873416900635,0.8062204718589783,0.8068647384643555,0.81424665
3079d95a-df8c-4bc2-a7f5-74c7c7657248,0.7799435257911682,0.7951982617378235,0.8097376227378845,0.8072642683982849,0.6395819
e49d5713-1b61-4206-82d1-73a1971eb674,0.7907732725143433,0.8224992156028748,0.816477358341217,0.8006406426429749,0.6855292
d2b58fbc-9b0b-45c0-9c5d-41f2b1f23ec1,0.7701845765113831,0.8056577444076538,0.8140022158622742,0.8079909682273865,0.6428434
d81fb424-2c46-463a-9a69-8e9b65de611e,0.7865222692489624,0.7950121164321899,0.8021400570869446,0.804742693901062,0.5002063
932a244e-4ad5-4cc0-a82d-1b28f51a12e2,0.758150041103363,0.791414737701416,0.7863337993621826,0.7999988198280334,0.40091622
9353992e-6a0b-4fab-82d8-cda1224d9cf9,0.7793318629264832,0.8059641122817993,0.8120838403701782,0.8192471861839294,0.54757833
8dbad3d4-6593-474a-92ce-b11a4149a518,0.7846678495407104,0.8092190623283386,0.8116110563278198,0.8027704358100891,0.61474544
f2c368b9-9b32-4ba6-8cdb-8455d4f9ff60,0.7701154351234436,0.8249374628067017,0.8044348955154419,0.821182906627655,0.43319625
6b314083-277b-4951-958e-3b95599d4667,0.7973605394363403,0.8087800741195679,0.793822169303894,0.8127647042274475,0.77018094
b9ad9d89-863f-4fe4-9ec8-17b2a7a979c8,0.7960294485092163,0.822097659111023,0.8131930232048035,0.8050092458724976,0.5577251
f18e2ee4-4e97-4e45-8453-310f3f67f651,0.7909000515937805,0.8097711205482483,0.8035783767700195,0.8092787265777588,0.4983241
88b598bc-0063-4150-899f-829b82030549,0.798256516456604,0.8117546439170837,0.8172773718833923,0.7944816946983337,0.52304137
e4b4112c-e489-4548-9f7a-76855fb25edc,0.7818006277084351,0.8158701062202454,0.797961950302124,0.7957381010055542,0.5259541
957521c5-3ae3-46d7-9b54-c0ef0997345f,0.812952995300293,0.8286582231521606,0.8018710613250732,0.8022065758705139,0.75069773
7057e4a1-bab6-47b5-92d2-9fa66e9714cb,0.7612386345863342,0.8034825921058655,0.8098052144050598,0.8060123920440674,0.7512518
f0d6db08-9430-4f1b-bf2c-733eaa06c3fa,0.7639901638031006,0.8144108653068542,0.8033618330955505,0.805924654006958,0.6862171
0f8092aa-fac9-4015-a07f-314ada7c0cda,0.7937091588973999,0.8043302297592163,0.8113880157470703,0.8083368539810181,0.56845593
59ae0fd9-2f04-4fa2-9d35-064f54ffaee1,0.7796967625617981,0.7958905100822449,0.8201015591621399,0.8139476776123047,0.58986187
7d233c89-6856-4ca9-b536-a6636aff8803,0.7736368179321289,0.8252278566360474,0.8024834394454956,0.8217015266418457,0.49656367
c122226a-47fd-42c2-9dbb-6eb68bc67abe,0.7688603401184082,0.7920568585395813,0.7992345094680786,0.7974624037742615,0.5207466
29127927-cb4a-4106-9114-02adfda4d07c,0.7869530320167542,0.8020550608634949,0.8118471503257751,0.7945464253425598,0.12198483
39b0cd6e-1661-4855-b674-0454e6e4a570,0.8134917616844177,0.8040446639060974,0.8181175589561462,0.7916487455368042,0.45446488
6fb62999-a950-4b45-b88e-638356f7aed9,0.8189137578010559,0.7949895262718201,0.8228335380554199,0.8011550903320312,0.39121264
d73b5eb4-837e-4a81-a955-12c6ec96b447,0.775140106678009,0.8110656142234802,0.8018708229064941,0.8095240592956543,0.33863544
514752e2-5083-4ef9-a503-bf58ed9bf197,0.7676697373390198,0.7840328216552734,0.8066722750663757,0.7995659112930298,0.7306353
fbc64f15-37f8-45ac-ac1b-318b8a47a735,0.8275830149650574,0.8155888915061951,0.818172037601471,0.7934094071388245,0.39333528
0bfc5cc6-bf33-4125-a991-f8283fd6c86a,0.7704471349716187,0.8156446814537048,0.8025898933410645,0.8203010559082031,0.50889325
d25c284a-1dcd-4d62-b639-b8cc99e4b225,0.795495867729187,0.8092043995857239,0.8125600218772888,0.7896295785903931,0.6142118
cf88ca50-2840-4d58-a586-0d31c1bcc14c,0.7576038241386414,0.8045656085014343,0.8023493885993958,0.7963723540306091,0.44173795
fbc50f1e-a38b-41c0-b1ce-f12f60318678,0.7666870951652527,0.7820881009101868,0.8059656620025635,0.8202754259109497,0.4419191
fa7bf7fe-42bc-430e-b120-a19f685ea722,0.7898133397102356,0.8219545483589172,0.8162742853164673,0.798668622970581,0.667254
1cc0b9ae-b9a4-4552-a17f-7c0aec62c541,0.811646580696106,0.8350741267204285,0.8074599504470825,0.8047677278518677,0.7950164
4dab6ca3-be93-44d1-bbdb-5d6791be1de2,0.8083810806274414,0.789028525352478,0.798463761806488,0.8038103580474854,0.66496056
05de9c40-9712-4f8b-bfb8-a7a41e456a77,0.7733726501464844,0.8107380867004395,0.8141869902610779,0.7972006797790527,0.6855691
06b78f6c-d36b-4b63-a2a6-ebfde4818aa5,0.759813666343689,0.792648196220398,0.8020656108856201,0.8035775423049927,0.73470116
02a7be06-c0d5-4369-9bf9-0ec7c5b61563,0.7770540714263916,0.8280064463615417,0.8062195777893066,0.8103970885276794,0.59603405
082639d9-bc1e-4932-be40-5b6ca549c11b,0.7726315259933472,0.789269745349884,0.8096824884414673,0.809738278388977,0.8395728
4b892ebc-170c-46f4-8e4c-446382b21219,0.8122512698173523,0.7984316349029541,0.8015172481536865,0.8105107545852661,0.56063426
703ba1b8-7d69-4131-b7eb-263c0d3fff22,0.8109691739082336,0.8020139336585999,0.8199115991592407,0.8051662445068359,0.7136929
0ee17da4-f25a-4b42-ba27-5ad7f8e228cd,0.7498953938484192,0.7758262753486633,0.8291035294532776,0.8249772191047668,0.25181764
9da242fc-3454-4740-8dee-0f46ce3d917c,0.7950770854949951,0.8246408104896545,0.8086428642272949,0.8147951364517212,0.59580433
f1d6c395-70a7-4d49-ab4c-2224b99577fd,0.8182278871536255,0.8145124912261963,0.8069018721580505,0.7908768057823181,0.5943022
bd9ce159-f7f3-4d4b-9abb-c730b68f9ced,0.7888534665107727,0.8033490180969238,0.8090595006942749,0.8111613988876343,0.28217065
9aa090f9-4e98-40a3-b439-e852948a0824,0.7959094047546387,0.8277428150177002,0.8140888810157776,0.7977413535118103,0.3583168
c6a95829-23b3-40b5-81cd-fa96c6489019,0.7858595252037048,0.7962559461593628,0.8096180558204651,0.8087382316589355,0.58008695
be9004ea-4335-4915-9386-caa59052c5ac,0.8154096007347107,0.816904604434967,0.8197090029716492,0.7965616583824158,0.323859
2f350874-6d20-452d-8f66-1cdaf48f880b,0.7508858442306519,0.816695511341095,0.823671281337738,0.8035987615585327,0.16287944
fee3d8bc-40f4-40f8-8f71-7355770b97b3,0.8169536590576172,0.8105160593986511,0.8271727561950684,0.8115942478179932,0.5798186
1d04ae88-3315-4c2b-bf1d-c947e5a64d5a,0.8036311268806458,0.7988590598106384,0.8224438428878784,0.8058939576148987,0.3701852
6ec0f405-692d-40db-a53f-bd4199ef8734,0.791048526763916,0.7833841443061829,0.8016159534454346,0.8038989305496216,0.77725977
87e27d7f-9b55-4c3f-84b6-7b4a8e77a5d0,0.7617837190628052,0.8018106818199158,0.8114321827888489,0.7827838063240051,0.16537839
b0d9e8dc-f0bd-4f9d-b324-1a2a4a563cd8,0.7603496313095093,0.8127526044845581,0.7979755997657776,0.8037213087081909,0.54667413
7f95877b-6390-48da-969e-497eae6bb6cb,0.7648824453353882,0.8043847680091858,0.7996928691864014,0.8022810220718384,0.47717205
d5735a2f-553f-4d17-b3e9-30f50c604242,0.8185563683509827,0.8164927363395691,0.8189655542373657,0.8020876049995422,0.72110474
928af04e-fa1c-4829-89db-f30a8c47e78b,0.7793129682540894,0.7742695212364197,0.8097698092460632,0.824341893196106,0.79606175
a7729ac3-0e7b-41d8-acad-3eadaee7f4c5,0.7757905721664429,0.8053295612335205,0.7955622673034668,0.792972981929779,0.6195864
0c3bea66-f10d-4507-8416-7d56eecff5a3,0.7854259610176086,0.7768563032150269,0.8114057183265686,0.8070942163467407,0.7996559
7e34d0ed-3917-473c-8f3b-722598eec716,0.7763434052467346,0.7861140370368958,0.8187809586524963,0.8076165318489075,0.22089404
07431efb-3be8-4395-b875-fccaffffdcf3,0.7792969942092896,0.8090038299560547,0.8083746433258057,0.808137059211731,0.4668023
18b0f672-0110-4843-9bf9-fff63b417d05,0.7669633030891418,0.7996277213096619,0.8187824487686157,0.8066415786743164,0.42942795
6246fb4d-0fe1-474e-809a-a7d0c6b821ce,0.7764741778373718,0.8110499978065491,0.8294746279716492,0.7969139814376831,0.3237477
0c326f90-e7d5-4754-ba30-db677b220738,0.8220556974411011,0.8028662800788879,0.8174008131027222,0.8057476282119751,0.65531504
55fd7342-0b1d-4bc5-943b-6cd133c4a87d,0.7954999804496765,0.8306552767753601,0.8078442811965942,0.8338611125946045,0.59067076
c36a57c2-4a73-4155-8348-9b41016b3da3,0.8139059543609619,0.7938109040260315,0.8148917555809021,0.8111894726753235,0.72007024
d221fc11-25b0-41e9-9f23-b0afe917b2f5,0.7855125069618225,0.7986964583396912,0.8170686364173889,0.8094601631164551,0.26012236
d7237cd5-54c6-455e-b310-5dcf93bb0f54,0.7759205102920532,0.8071253299713135,0.8045418858528137,0.7938194274902344,0.23734581
d1747348-87d7-4106-b334-903ad95e1292,0.7677441239356995,0.7832279205322266,0.7979419827461243,0.803204357624054,0.4226225
9255a434-10d6-442d-88b1-267abd30ecb5,0.7665098309516907,0.813536524772644,0.8219330906867981,0.8071653246879578,0.57929444
7df27005-07e8-441a-b322-fb9d1b4ff868,0.795185387134552,0.7907793521881104,0.800534188747406,0.8142632842063904,0.7904743
15767511-9bb2-4cdb-9df9-ff338a69bd31,0.7633728384971619,0.8112373948097229,0.7990842461585999,0.7886562943458557,0.44777662
fbd4b14c-974e-4b89-b26c-258bce285d8f,0.7571967244148254,0.7850559949874878,0.8105016350746155,0.8073000907897949,0.3589041
11862e10-f507-46fe-9524-5def2e93c477,0.8012730479240417,0.8002614378929138,0.8152536153793335,0.8001502156257629,0.5365666
b971edfc-5f2e-4a40-ba69-05fdfe2c69cc,0.7673871517181396,0.7902247309684753,0.8148484230041504,0.8102164268493652,0.67179304
7673f2a8-dd34-4ab7-8664-db5713d5f807,0.7918296456336975,0.793102502822876,0.8115120530128479,0.8103534579277039,0.80320185
f8e01d72-ef86-4d5f-8268-243c935d949f,0.7978380918502808,0.8055307269096375,0.817489504814148,0.7929884195327759,0.70584494
56475739-76d0-4938-8985-6530afef3a26,0.7897564768791199,0.8110705018043518,0.8151888251304626,0.7984204292297363,0.6284015
bf8fe723-f8b8-4d28-bf85-1e3e2a5075f1,0.7687572240829468,0.8075265288352966,0.8083231449127197,0.7987961173057556,0.7119663
d70e181e-429a-45cd-924c-9a7289e75a2c,0.7922053337097168,0.8061237335205078,0.8021857142448425,0.7940558195114136,0.43256384
517e39dd-5124-4f5b-8c78-592bb419bac9,0.8036187291145325,0.8335360288619995,0.8143133521080017,0.7984602451324463,0.5642727
afedcffc-7876-44db-bcdb-103b8d8c626b,0.7818624377250671,0.8231008648872375,0.8048967719078064,0.8164082765579224,0.5118416
a465ea4c-b6d1-4b5b-9a01-27c8636b38e1,0.8307972550392151,0.8230371475219727,0.8177962303161621,0.8048514127731323,0.624456
0fbb4dff-9bfe-46b9-8881-37b383831fa3,0.799200713634491,0.8137316107749939,0.8118172287940979,0.7926770448684692,0.5419953
4a89eec9-cfe0-4dc4-b0da-3e895491ce11,0.767911434173584,0.7979587912559509,0.8116270303726196,0.8033400177955627,0.692148
c444bc08-32e6-4213-b3b6-248cbdfa1102,0.8014578223228455,0.7984731197357178,0.8002294301986694,0.8021211624145508,0.47443354
b8e2eb04-c479-4278-bb2e-5346d7c44001,0.7971038222312927,0.7925193905830383,0.8179787993431091,0.8137967586517334,0.31741285
cd80fef6-bfac-4818-a74d-543c187c312a,0.8169949650764465,0.8297125697135925,0.8066365718841553,0.8141577839851379,0.80219746
20c53c8a-c1cb-48fb-bb43-c3b3a41ef364,0.809075653553009,0.7872608304023743,0.8115987777709961,0.812174916267395,0.5426062
731ec1c1-6940-4fcb-9677-d0360f777eae,0.7920545339584351,0.8169479370117188,0.8060762286186218,0.7985658645629883,0.5319591
e15f80a3-db77-43cc-94e4-b93a2be197e5,0.7694116830825806,0.7991167902946472,0.8015055060386658,0.8126103281974792,0.71715945
99b7a741-aa05-4fd8-9d3a-36c96e7fcf2e,0.77556312084198,0.7966746091842651,0.8172431588172913,0.814041793346405,0.36967355
3f1f8f48-8f05-46d8-b09a-1b7031de23c8,0.7800964713096619,0.7763635516166687,0.8058853149414062,0.8059247732162476,0.12546504
a75227ef-14e6-45b4-a2fc-2c4c720d2f29,0.7957314252853394,0.8100036978721619,0.7980636954307556,0.788901150226593,0.32022113
9e288c46-afa4-4505-8a81-2b8fcbe24849,0.8245081305503845,0.8024125695228577,0.8160775899887085,0.7968094944953918,0.6772468
ceacff59-4240-4628-92ab-ac9027458c0e,0.7860657572746277,0.7814183831214905,0.8087220191955566,0.8014066219329834,0.52827823
74ab794f-a069-44fd-88ed-9dc8ae628084,0.8128250241279602,0.827107846736908,0.8143643140792847,0.7975283861160278,0.7467333
2d7bcb05-2df2-4158-b429-73101bfb9124,0.8246114253997803,0.7964782118797302,0.8273059725761414,0.8185133934020996,0.68546677
b23d8008-3ad4-4925-bdb5-ee557a9f9ce9,0.7597523331642151,0.7875984907150269,0.7964479327201843,0.8131086826324463,0.46613133
e8474e20-5e01-489f-95e3-1d413742e392,0.8116596937179565,0.8012319207191467,0.8165366053581238,0.7982227206230164,0.66014904
c3e5e438-fbff-495f-972b-ae35d9acb6c0,0.8209909200668335,0.8104231953620911,0.819299578666687,0.801724910736084,0.771458
36332c6d-e57b-4649-aebc-7ba4a244ae96,0.8055641055107117,0.8087776303291321,0.8077110052108765,0.795184850692749,0.71997464
748058c2-724b-4554-8a0f-de3592946b92,0.7733954787254333,0.8184407353401184,0.8057921528816223,0.8149423003196716,0.5812148
969e2c30-f105-4f97-bb7b-f229987d6fae,0.7730546593666077,0.8039640188217163,0.814922571182251,0.7877426147460938,0.14204687
6af2c2f2-8df4-4bed-aac1-d0ee7520e1d7,0.7701762318611145,0.8162872195243835,0.8073804378509521,0.823251485824585,0.59856915
228d137c-9730-47ea-a7ff-5203e57e4719,0.7852813005447388,0.8116059303283691,0.7876631617546082,0.7997505068778992,0.5893724
11b5a1af-865a-4eb6-92e2-88b96a345d10,0.7725502848625183,0.7986095547676086,0.8020052909851074,0.8141258358955383,0.43059826
82104387-7f32-4a02-a146-6673d9dcf59b,0.7631571888923645,0.8200439810752869,0.8104109764099121,0.8033739924430847,0.610152
6853b4d5-8b1c-4b6b-b490-eb786cf919e5,0.7797942757606506,0.8131923675537109,0.8016747832298279,0.8275921940803528,0.6868861
340f3b43-87a3-42df-b948-4efeabde8ea5,0.7713660597801208,0.809012770652771,0.8095884919166565,0.7992184162139893,0.5025604
427237e0-ee0f-4d88-af7a-50f756d77b53,0.816117525100708,0.8181692957878113,0.8105155229568481,0.817534863948822,0.5964601
2e19529d-35e0-456f-82e9-7e996b0b059e,0.7978218793869019,0.8017882108688354,0.8154518604278564,0.8020306825637817,0.30091846
447300c4-4959-4844-b0ae-d466721858cb,0.7874923348426819,0.8154705762863159,0.8278791904449463,0.8215805888175964,0.5343443
a1d6c0f0-c9a5-4e3e-a355-524185019fad,0.771891713142395,0.8008413910865784,0.8121704459190369,0.802613377571106,0.75000286
cfbd2d13-b511-46c2-b3f5-51d88768180d,0.8232395648956299,0.8123354911804199,0.8173156380653381,0.8073936104774475,0.62249196
ab9fe1fb-670e-4659-bcbb-3b8a943a2e9f,0.7674599289894104,0.8059278726577759,0.797705888748169,0.7974694967269897,0.48644185
94509188-4917-4e0b-a04f-37d2704feb7b,0.7661505341529846,0.8034325242042542,0.808311402797699,0.7965412139892578,0.49278498
bb41456e-0ce6-40ef-a5ba-db385bb87051,0.7794064879417419,0.821719765663147,0.8092190027236938,0.7991466522216797,0.51077724
47155fcb-afdc-4788-bdb9-0f964ce12b53,0.8190072774887085,0.8207955360412598,0.8225827813148499,0.8093111515045166,0.70007324
2efc4bb6-33c7-416f-93b2-096e78dec348,0.7652696371078491,0.8186023831367493,0.8079390525817871,0.8053007125854492,0.3922066
d0d4bcc1-b6b8-49a7-bdae-154d2409c89e,0.8030527234077454,0.819328784942627,0.8104150891304016,0.8084006905555725,0.58155483
c38605c8-cd3d-4c9b-aea0-3316aadde634,0.7914811968803406,0.8055899739265442,0.8125835657119751,0.792861819267273,0.38829467
945c029f-e1c9-4255-939a-8740c03c2208,0.7770586013793945,0.8131614327430725,0.807698130607605,0.8134889006614685,0.5850123
05f632bb-401c-4321-9849-b4748a2d3638,0.7712249755859375,0.8177443146705627,0.8022333979606628,0.8068377375602722,0.55822134
1b95fc79-1cc6-4b45-a58c-bd02e9f30bc8,0.8204739093780518,0.8135273456573486,0.8223366141319275,0.7940129041671753,0.70860445
dd1cbf69-33d8-4c52-b7bf-3405b5cf15dd,0.8066224455833435,0.8104287385940552,0.8059972524642944,0.7954462766647339,0.38684824
b72abc06-57fe-43a4-899b-9f3383488d10,0.8133021593093872,0.8101592659950256,0.8112307786941528,0.793985903263092,0.6446129
f5d56448-5d86-46ce-8155-fc2f43590c12,0.8130192160606384,0.8099691271781921,0.8152934908866882,0.8023257255554199,0.43275702
d8b8d708-3ea9-42b5-87c7-7b36f8b2cf57,0.7692542672157288,0.8117560744285583,0.8098015785217285,0.7992098331451416,0.45304912
09e0732f-caa8-48bc-b52e-45c180eb2126,0.8114790320396423,0.8251786828041077,0.8166413307189941,0.8144075274467468,0.59677404
9077f35a-306f-4c63-8421-a72a8ec900c0,0.7941956520080566,0.8188313245773315,0.8084155917167664,0.8251185417175293,0.53338903
8ce40cf6-031f-4ac1-accd-902e6ead6615,0.7664217352867126,0.821488618850708,0.8181774616241455,0.8081070184707642,0.3361923
8f42c2b5-9e53-408a-851c-a803fb5573e0,0.8228932023048401,0.8258092999458313,0.82569420337677,0.8099563121795654,0.59424096
19836d7c-40c3-4a29-973d-1a385c9967fc,0.8035388588905334,0.7919231653213501,0.8224398493766785,0.8129214644432068,0.7093831
9ab025ee-327a-4d19-8f4d-912bf25f88a4,0.7777745127677917,0.8009757399559021,0.8035793304443359,0.7995138764381409,0.47750586
dac5fca0-b11a-4a62-b0b3-fb2c1101b4f7,0.7864345908164978,0.8030299544334412,0.8209155201911926,0.8025691509246826,0.4667891
4d912c2b-5d2c-4fc0-93b6-e46306c265da,0.7762308716773987,0.8123180866241455,0.8049880266189575,0.7970853447914124,0.29776132
694ea70c-1f57-47d5-9b16-b342fe764745,0.7993922233581543,0.8140636682510376,0.8211209774017334,0.8133037686347961,0.44522792
80476240-eacb-417b-8773-2c2af9d08383,0.7832530736923218,0.8056618571281433,0.8201818466186523,0.8128935098648071,0.66286826
27c5e4c4-28f6-470b-88e2-6ca01b38122f,0.790303111076355,0.7806375622749329,0.8143777847290039,0.8006662130355835,0.32079223
4510bdcb-2a59-4b22-b42a-1f26a75dc997,0.7539071440696716,0.8085288405418396,0.8098647594451904,0.8038762807846069,0.48996687
ccf6dbdb-c21e-4ab9-ad39-4d8e6136a5b9,0.7568687200546265,0.7979446053504944,0.8005229830741882,0.7983468770980835,0.70433193
0e6df99b-f8b5-4256-8043-195b2956230d,0.8345997333526611,0.8119086623191833,0.8239321708679199,0.80109703540802,0.47240233
26a77f91-6e90-4395-acb0-5769e66e6c3f,0.7684429287910461,0.8237848281860352,0.7984693646430969,0.7931584715843201,0.6157666
a71f7af4-2d4c-4c54-9e89-c0ea6c42bb77,0.7993942499160767,0.7919699549674988,0.8024013638496399,0.7846179604530334,0.62472737
5599837f-e72f-431c-be8a-6075e8543813,0.7915965914726257,0.8147574067115784,0.8164522647857666,0.8127479553222656,0.53263104
2102a04a-aa6a-402e-ba1a-c53d7b138fb6,0.782645583152771,0.8200123310089111,0.8061711192131042,0.810920000076294,0.4190179
a27cf9f4-bdc3-4e78-bc4c-a9fc3c0dcb74,0.829064667224884,0.811606228351593,0.815697193145752,0.7928925156593323,0.3320402
c31d887f-36e7-4890-a437-db78565565e4,0.781724750995636,0.8284798860549927,0.8107490539550781,0.8103638887405396,0.20521623
597e74ac-fb40-4096-aa65-fb876910275f,0.8010556101799011,0.8114687204360962,0.8024661540985107,0.819607675075531,0.7275933
92995afa-0236-4f19-9884-0f1a07cdf0a6,0.7732661962509155,0.8246526718139648,0.8146441578865051,0.8031871318817139,0.16833338
f4bc5469-3c59-4b7f-9603-5d04f2199162,0.8104385733604431,0.8057941794395447,0.8127737641334534,0.7801892757415771,0.69699013
3ca15864-1fa8-4b8c-a3d4-9fd2861ef8af,0.7662211060523987,0.8075019717216492,0.8075884580612183,0.8052698373794556,0.5766798
846b6e00-8471-4deb-9444-5bdb88102356,0.7937594652175903,0.7983254194259644,0.7985275983810425,0.8077393770217896,0.3432185
ae24e75f-0252-4c0e-97d9-887615ed2346,0.766396164894104,0.7900663018226624,0.7937688827514648,0.8080492615699768,0.56334686
b349e210-a420-4814-8f29-dadf0d9f24e4,0.8184106349945068,0.8051649332046509,0.8181001543998718,0.8179020881652832,0.7697295
eefead79-f868-4b3d-a84d-c686f90aa026,0.7619944214820862,0.8062853217124939,0.7944989204406738,0.8123195171356201,0.63370335
2081c71c-38b0-4682-a1b8-f16d564d3ea3,0.7842720150947571,0.8197680711746216,0.806186318397522,0.8035913109779358,0.49527192
166b2dab-0bc0-4be1-8566-c0368d9a965a,0.7620902061462402,0.8061931133270264,0.8036538362503052,0.8039891719818115,0.571951
cee073b6-7aac-4f68-948c-721ed958789c,0.7678032517433167,0.8243113160133362,0.8122082948684692,0.807308554649353,0.48098707
f0968e7f-14f8-4720-96b0-6ac7e9af5574,0.7721622586250305,0.7968024611473083,0.8047429323196411,0.7967204451560974,0.702813
c1f10bf0-c079-4b92-ae78-7af8a7a0c627,0.7832911610603333,0.8026460409164429,0.8012352585792542,0.8078726530075073,0.69639957
8bbdae80-cfa6-4c87-8899-7b4dacc653b1,0.7984524369239807,0.7919712662696838,0.8003179430961609,0.7988828420639038,0.6658013
47e95f41-0085-4eec-b572-b78568347497,0.765220582485199,0.8208066821098328,0.8031509518623352,0.811394453048706,0.48374605
20352854-6080-4e85-bda3-d6170c8f7232,0.8234872221946716,0.8120329976081848,0.8210968971252441,0.8067140579223633,0.7729143
a332d620-2930-478d-8303-94183129583d,0.7675153613090515,0.7828602194786072,0.8051819205284119,0.8134404420852661,0.72247446
d88b3a05-9569-4bbb-8cdb-f54c9dfda3a6,0.7719278931617737,0.8060323596000671,0.8201370239257812,0.8084607124328613,0.70416594
a6e2e907-5d05-4442-afd4-8c79cce7da18,0.8315484523773193,0.8029823303222656,0.8214539885520935,0.7986854314804077,0.75141287
0e697681-7b4a-466d-bb0b-7e14cc9d1289,0.7654818892478943,0.792023241519928,0.8071675300598145,0.8064144849777222,0.5216924
3dac836f-79a5-411d-a203-f8cd04b75f66,0.7704713344573975,0.7943785190582275,0.8144980669021606,0.8058762550354004,0.30023772
319eb578-a5ec-4399-a4b2-88639822eda8,0.8405528664588928,0.8027578592300415,0.8278661966323853,0.8026015758514404,0.31872448
ed4268f2-bf1a-4bf1-b29d-b1842537e3eb,0.8091301321983337,0.8057040572166443,0.8154566287994385,0.7965428829193115,0.4387935
f27f5424-e019-4a3c-9380-f66a273cfe83,0.831328272819519,0.8258997797966003,0.8426262736320496,0.8213317394256592,0.44776067
dd5bb54e-7e4d-4aeb-b238-c84c7fa9043d,0.8124608397483826,0.8070368766784668,0.8101121187210083,0.7975087761878967,0.1620564
79b2d6fc-215e-415d-b3b5-7e0cd16c125f,0.8306792378425598,0.80624920129776,0.8204805850982666,0.7976511120796204,0.38905045
4e64070d-44cd-4dba-80c7-cc1bb8989614,0.774791955947876,0.8237072825431824,0.8058868646621704,0.8001580834388733,0.13860324
b54da553-eb6c-4ca3-a6e9-02c397632d90,0.8101635575294495,0.7998383641242981,0.8145148754119873,0.8076496124267578,0.5232256
39ebf1d5-b9ec-4821-bc0a-4e60429729b7,0.8161277770996094,0.7973155379295349,0.8177480697631836,0.8151276111602783,0.55725104
6ef2dcbd-08f0-4855-a294-4ec93c7d6854,0.7851405739784241,0.809098482131958,0.8143837451934814,0.8048694133758545,0.60202324
e9aa6b5f-bae8-4527-a5e4-e393974a6491,0.8081457018852234,0.8209002614021301,0.8082447052001953,0.8078209161758423,0.73666215
5b191e17-932b-48d1-b425-8d6ff171b9db,0.7536529302597046,0.7847344875335693,0.7908912897109985,0.7913889288902283,0.68665266
cb5a2150-5581-40d8-b20d-c78199e6914c,0.81060791015625,0.8200930953025818,0.8019395470619202,0.8075152635574341,0.6532337
7e22c36f-28d2-4ec7-a272-98f6595ec3e8,0.774966299533844,0.8089398145675659,0.8083744049072266,0.8108012676239014,0.43364567
58f3512c-ddc7-4a5f-aecc-05407ee12790,0.8175331950187683,0.8087502717971802,0.8147163987159729,0.8058761954307556,0.5847451
7f3e0e7a-79f7-448c-993f-055e802a0d95,0.7916329503059387,0.8093253970146179,0.812275230884552,0.804395318031311,0.4903381
8c829d29-ee3a-46ec-bb06-7dd753aff7b7,0.7699579000473022,0.7814865708351135,0.8059604167938232,0.8024396896362305,0.65336776
5d42de7c-40cf-4802-bbcc-9b042049d7f9,0.7966761589050293,0.8105757832527161,0.8073123693466187,0.7934143543243408,0.50231606
d4ce9241-4447-4fb5-a4e2-ca901fa44f92,0.8096464276313782,0.8058420419692993,0.8195348978042603,0.8049777746200562,0.698007
02f36802-7345-4565-b790-c825ea42a78d,0.8108602166175842,0.7912541627883911,0.8282438516616821,0.7997233271598816,0.62182176
03729f4b-c020-404c-858c-086a7e8848f9,0.7817981243133545,0.8222363591194153,0.8137170672416687,0.7925270795822144,0.40883565
8be25709-a3e6-482e-8ce8-12872176e3a9,0.7800143361091614,0.8031076788902283,0.8097541928291321,0.7909875512123108,0.4431205
bbcfb654-6395-4451-989b-70b008b3b348,0.7932817339897156,0.8104170560836792,0.7992440462112427,0.8006529808044434,0.4692682
03cb1890-61cc-4a30-b026-b09f0061140b,0.7800105810165405,0.8086035251617432,0.803663969039917,0.8092724084854126,0.46427548
8a5b8e1c-4682-48b3-b17f-959eee144eff,0.7963438630104065,0.8091683983802795,0.8131136894226074,0.8035121560096741,0.683112
43cbfb59-3220-4c6c-a0b2-58c5136b978e,0.7720494866371155,0.7948075532913208,0.8054542541503906,0.7910453677177429,0.5938265
5eef1fe2-f182-4a53-952c-ba58351abf8c,0.7858182191848755,0.8171511888504028,0.8142638206481934,0.8048214912414551,0.59293556
2ed3abdc-f515-4954-895d-96cb3aff6e56,0.8034977316856384,0.8089189529418945,0.8043452501296997,0.8202672004699707,0.4935791
1b5e244b-d099-4c3e-9822-ee14e4a291d4,0.766288697719574,0.7981194257736206,0.8036363124847412,0.8064533472061157,0.5695428
696bc85c-5094-4996-8453-8479e290be39,0.8340401649475098,0.7987924814224243,0.8187646865844727,0.7952897548675537,0.76029974
2baa08f3-a245-44aa-95b8-43cde11bd16f,0.7955609560012817,0.8162991404533386,0.8033687472343445,0.7985416650772095,0.37644964
8b8c8f06-67ef-4a0b-b525-c10e091dcd83,0.7766982913017273,0.8238402605056763,0.8222772479057312,0.8004164099693298,0.7789252
79be9dee-5023-402a-a77e-7ea8fce710fe,0.8167890906333923,0.8169688582420349,0.8138604164123535,0.787861168384552,0.66051465
7a9ca29f-70b8-49c1-8db9-e5598268b4c7,0.7598837018013,0.8053635358810425,0.8204087018966675,0.8032780885696411,0.44178858
846aa2ac-8762-43ad-b3b8-207145de1016,0.7648711204528809,0.8104397058486938,0.8133218288421631,0.8143726587295532,0.2403484
779caa35-55b8-4e6c-8061-d2e167b5eb27,0.7628337144851685,0.7872640490531921,0.8286334276199341,0.7999810576438904,0.68061864
7dab3024-0a76-4095-be1e-321bb63b4898,0.7821125984191895,0.8091368675231934,0.8013210296630859,0.7911756038665771,0.4328068
e7140623-7727-4ed2-afbe-2608f704c59a,0.8029992580413818,0.8249279856681824,0.8110158443450928,0.8086417317390442,0.67476445
9fc5c6fd-1d4f-43bb-81f4-e3bfe636a9ed,0.7735126614570618,0.822385311126709,0.8081771731376648,0.8077133893966675,0.3250527
1f92a919-b094-4341-bab6-43bd9c3e4a18,0.7605962753295898,0.8166449069976807,0.8180207014083862,0.7915347814559937,0.6729047
93ecd575-b3ab-48e4-bfa5-28c6fa3aebaa,0.750998854637146,0.8025386929512024,0.8068442344665527,0.797684907913208,0.43905276
3eafb328-e1ab-43f0-89d8-5f178bef4bef,0.7799703478813171,0.8202564716339111,0.815931499004364,0.7783191204071045,0.3914999
1b893494-a518-4292-8d28-225dc10ea862,0.7882901430130005,0.8117351531982422,0.8115154504776001,0.8195828199386597,0.47823882
aaafe41e-8448-4205-a46e-7cbe5ab8907d,0.7875751256942749,0.8106912970542908,0.8164520263671875,0.7908405661582947,0.0836699
3948844e-afd2-426a-bc2c-8b030542c10c,0.8115382194519043,0.7955543994903564,0.8239924907684326,0.7983987331390381,0.5368923
55e92752-3415-484e-878e-a07c8845ec83,0.7977103590965271,0.7985795736312866,0.8020797371864319,0.7939858436584473,0.22768277
89051588-219a-4755-89f1-e6d7f8a8b3ed,0.8072428107261658,0.8235352635383606,0.8090594410896301,0.8174277544021606,0.65444106
82479094-44bc-4be9-9316-4d1b3e094008,0.8213592171669006,0.7799317240715027,0.8182638883590698,0.8036024570465088,0.47149718
4960b9d8-f7ff-4df8-8573-b71b1069b56f,0.7597725987434387,0.8066665530204773,0.8085669279098511,0.8018094301223755,0.41843322
